size	path
4313	./adapter-src/framework/CMakeLists.txt
3986	./adapter-src/framework/activity/java/AbilityConnectionBridge.java
24188	./adapter-src/framework/activity/java/AbilitySchedulerBridge.java
23604	./adapter-src/framework/activity/java/ActivityClientControllerAdapter.java
92981	./adapter-src/framework/activity/java/ActivityManagerAdapter.java
46317	./adapter-src/framework/activity/java/ActivityTaskManagerAdapter.java
4325	./adapter-src/framework/activity/java/AppBindDataDefaults.java
97044	./adapter-src/framework/activity/java/AppSchedulerBridge.java
11326	./adapter-src/framework/activity/java/IntentWantConverter.java
49302	./adapter-src/framework/activity/java/LifecycleAdapter.java
12221	./adapter-src/framework/activity/java/OhApplicationInfoConverter.java
8697	./adapter-src/framework/activity/java/OhConfigurationConverter.java
2617	./adapter-src/framework/activity/java/OhDisplayProvider.java
8430	./adapter-src/framework/activity/java/ServiceConnectionRegistry.java
8082	./adapter-src/framework/activity/java/compile_oh_adapter_runtime.sh
7478	./adapter-src/framework/activity/jni/ability_connection_adapter.cpp
1818	./adapter-src/framework/activity/jni/ability_connection_adapter.h
32754	./adapter-src/framework/activity/jni/ability_scheduler_adapter.cpp
9097	./adapter-src/framework/activity/jni/ability_scheduler_adapter.h
42418	./adapter-src/framework/activity/jni/app_scheduler_adapter.cpp
8136	./adapter-src/framework/activity/jni/app_scheduler_adapter.h
700	./adapter-src/framework/activity/jni/intent_want_converter.cpp
799	./adapter-src/framework/activity/jni/intent_want_converter.h
421	./adapter-src/framework/activity/jni/lifecycle_state_mapper.cpp
1942	./adapter-src/framework/activity/jni/lifecycle_state_mapper.h
18638	./adapter-src/framework/activity/jni/oh_ability_manager_client.cpp
5704	./adapter-src/framework/activity/jni/oh_ability_manager_client.h
5056	./adapter-src/framework/activity/jni/oh_app_mgr_client.cpp
2904	./adapter-src/framework/activity/jni/oh_app_mgr_client.h
3652	./adapter-src/framework/android-runtime/etc/fonts.xml
2637	./adapter-src/framework/android-runtime/include/AndroidRuntime.h
71747	./adapter-src/framework/android-runtime/include/binder/Parcel.h
30438	./adapter-src/framework/android-runtime/src/AndroidRuntime.cpp
104984	./adapter-src/framework/android-runtime/src/Parcel_aosp_native.cpp
7497	./adapter-src/framework/android-runtime/src/android_animation_PropertyValuesHolder.cpp
1821	./adapter-src/framework/android-runtime/src/android_app_Activity.cpp
13990	./adapter-src/framework/android-runtime/src/android_content_AssetManager.cpp
5456	./adapter-src/framework/android-runtime/src/android_content_res_ApkAssets.cpp
949	./adapter-src/framework/android-runtime/src/android_content_res_ApkAssets.h
21524	./adapter-src/framework/android-runtime/src/android_content_res_ApkAssets_aosp.cpp
2511	./adapter-src/framework/android-runtime/src/android_graphics_Canvas.cpp
13784	./adapter-src/framework/android-runtime/src/android_graphics_HardwareRenderer.cpp
15626	./adapter-src/framework/android-runtime/src/android_graphics_Paint.cpp
15861	./adapter-src/framework/android-runtime/src/android_graphics_RenderNode.cpp
9944	./adapter-src/framework/android-runtime/src/android_graphics_Typeface.cpp
43734	./adapter-src/framework/android-runtime/src/android_graphics_compat_shim.cpp
8951	./adapter-src/framework/android-runtime/src/android_os_Binder.cpp
4017	./adapter-src/framework/android-runtime/src/android_os_GraphicsEnvironment.cpp
5745	./adapter-src/framework/android-runtime/src/android_os_MessageQueue.cpp
28827	./adapter-src/framework/android-runtime/src/android_os_Parcel_aosp.cpp
4520	./adapter-src/framework/android-runtime/src/android_os_Process.cpp
3898	./adapter-src/framework/android-runtime/src/android_os_SystemClock.cpp
10678	./adapter-src/framework/android-runtime/src/android_os_SystemProperties.cpp
5244	./adapter-src/framework/android-runtime/src/android_os_Trace.cpp
484	./adapter-src/framework/android-runtime/src/android_runtime/AndroidRuntime.h
1262	./adapter-src/framework/android-runtime/src/android_runtime/android_util_AssetManager.h
64167	./adapter-src/framework/android-runtime/src/android_util_AssetManager_aosp.cpp
13352	./adapter-src/framework/android-runtime/src/android_util_EventLog.cpp
5447	./adapter-src/framework/android-runtime/src/android_util_Log.cpp
5520	./adapter-src/framework/android-runtime/src/android_util_StringBlock_aosp.cpp
13448	./adapter-src/framework/android-runtime/src/android_util_XmlBlock_aosp.cpp
31325	./adapter-src/framework/android-runtime/src/android_view_DisplayEventReceiver.cpp
10154	./adapter-src/framework/android-runtime/src/android_view_InputChannel.cpp
7804	./adapter-src/framework/android-runtime/src/android_view_InputEventReceiver.cpp
13121	./adapter-src/framework/android-runtime/src/android_view_KeyCharacterMap_aosp.cpp
57151	./adapter-src/framework/android-runtime/src/android_view_SurfaceControl.cpp
4640	./adapter-src/framework/android-runtime/src/android_view_SurfaceSession.cpp
2450	./adapter-src/framework/android-runtime/src/atrace_stubs.cpp
2385	./adapter-src/framework/android-runtime/src/com_android_internal_os_ClassLoaderFactory.cpp
1663	./adapter-src/framework/android-runtime/src/com_android_internal_util_VirtualRefBasePtr_aosp.cpp
4231	./adapter-src/framework/android-runtime/src/core_jni_helpers.h
6189	./adapter-src/framework/android-runtime/src/libart_log_bridge.cpp
7420	./adapter-src/framework/android-runtime/src/libcore_util_NativeAllocationRegistry_guard.cpp
3811	./adapter-src/framework/appspawn-x/BUILD.gn
883	./adapter-src/framework/appspawn-x/bionic_compat/include/android/fdsan.h
803	./adapter-src/framework/appspawn-x/bionic_compat/include/art/arm32_atomic_compat.h
8333	./adapter-src/framework/appspawn-x/bionic_compat/include/art/asm_defines.h
887	./adapter-src/framework/appspawn-x/bionic_compat/include/bionic/malloc.h
127	./adapter-src/framework/appspawn-x/bionic_compat/include/gtest/gtest_prod.h
293	./adapter-src/framework/appspawn-x/bionic_compat/include/incfs_support/signal_handling.h
313	./adapter-src/framework/appspawn-x/bionic_compat/include/incfs_support/util.h
17364	./adapter-src/framework/appspawn-x/bionic_compat/include/libcxx_array_aosp/array
14192	./adapter-src/framework/appspawn-x/bionic_compat/include/libcxx_compat.h
1068	./adapter-src/framework/appspawn-x/bionic_compat/include/musl_math_compat.h
3404	./adapter-src/framework/appspawn-x/bionic_compat/include/musl_math_macro_undef.h
210	./adapter-src/framework/appspawn-x/bionic_compat/include/odr_statslog/odr_statslog.h
326	./adapter-src/framework/appspawn-x/bionic_compat/include/server_configurable_flags/get_flags.h
4911	./adapter-src/framework/appspawn-x/bionic_compat/include/statslog_art.h
215	./adapter-src/framework/appspawn-x/bionic_compat/include/sys/_system_properties.h
1151	./adapter-src/framework/appspawn-x/bionic_compat/include/sys/system_properties.h
2193	./adapter-src/framework/appspawn-x/bionic_compat/include/vixl_math_fix.h
1267	./adapter-src/framework/appspawn-x/bionic_compat/src/art_compiler_stubs.cpp
21287	./adapter-src/framework/appspawn-x/bionic_compat/src/art_quick_entrypoints_arm64.S
60599	./adapter-src/framework/appspawn-x/bionic_compat/src/art_runtime_stubs.cpp
1510	./adapter-src/framework/appspawn-x/bionic_compat/src/asm_support_arm64.S
820	./adapter-src/framework/appspawn-x/bionic_compat/src/fdsan_stubs.cpp
5503	./adapter-src/framework/appspawn-x/bionic_compat/src/liblog_android_supplement.cpp
931	./adapter-src/framework/appspawn-x/bionic_compat/src/malloc_compat.cpp
13859	./adapter-src/framework/appspawn-x/bionic_compat/src/minizip.cpp
2737	./adapter-src/framework/appspawn-x/bionic_compat/src/misc_compat.cpp
2185	./adapter-src/framework/appspawn-x/bionic_compat/src/palette_system_stub.c
3141	./adapter-src/framework/appspawn-x/bionic_compat/src/sync_builtins.c
3790	./adapter-src/framework/appspawn-x/bionic_compat/src/system_properties.cpp
4246	./adapter-src/framework/appspawn-x/config/appspawn_x.cfg
6666	./adapter-src/framework/appspawn-x/config/appspawn_x_sandbox.json
95549	./adapter-src/framework/appspawn-x/java/com/android/internal/os/AppSpawnXInit.java
24729	./adapter-src/framework/appspawn-x/src/AndroidRuntime.cpp
4246	./adapter-src/framework/appspawn-x/src/appspawn_x.cfg
44145	./adapter-src/framework/appspawn-x/src/appspawnx_runtime.cpp
4616	./adapter-src/framework/appspawn-x/src/appspawnx_runtime.h
28674	./adapter-src/framework/appspawn-x/src/child_main.cpp
1354	./adapter-src/framework/appspawn-x/src/child_main.h
13631	./adapter-src/framework/appspawn-x/src/main.cpp
14295	./adapter-src/framework/appspawn-x/src/oh_ability_manager_client.cpp
7355	./adapter-src/framework/appspawn-x/src/spawn_msg.h
29672	./adapter-src/framework/appspawn-x/src/spawn_server.cpp
1661	./adapter-src/framework/appspawn-x/src/spawn_server.h
113592	./adapter-src/framework/appspawn-x/test/out/test_init_minimal
1157	./adapter-src/framework/appspawn-x/test/test_init_minimal.c
484	./adapter-src/framework/appspawn-x/test/test_init_minimal.cfg
4528	./adapter-src/framework/appspawn-x/test/test_tlv_client.c
9355	./adapter-src/framework/broadcast/java/BroadcastEventConverter.java
3856	./adapter-src/framework/broadcast/java/CommonEventReceiverBridge.java
4924	./adapter-src/framework/broadcast/jni/common_event_subscriber_adapter.cpp
1543	./adapter-src/framework/broadcast/jni/common_event_subscriber_adapter.h
7667	./adapter-src/framework/broadcast/jni/oh_common_event_client.cpp
4139	./adapter-src/framework/broadcast/jni/oh_common_event_client.h
18316	./adapter-src/framework/contentprovider/java/ContentProviderBridge.java
8747	./adapter-src/framework/contentprovider/java/ContentProviderRegistry.java
5788	./adapter-src/framework/contentprovider/java/ContentProviderUriConverter.java
26927	./adapter-src/framework/contentprovider/jni/oh_datashare_client.cpp
5940	./adapter-src/framework/contentprovider/jni/oh_datashare_client.h
6730	./adapter-src/framework/core/include/oh_br_trace.h
8378	./adapter-src/framework/core/java/OHEnvironment.java
8048	./adapter-src/framework/core/java/OHServiceManager.java
4059	./adapter-src/framework/core/java/OhTokenRegistry.java
5127	./adapter-src/framework/core/java/ServiceInterceptor.java
54411	./adapter-src/framework/core/jni/adapter_bridge.cpp
1279	./adapter-src/framework/core/jni/adapter_bridge.h
5905	./adapter-src/framework/core/jni/android_log_hilog_bridge.cpp
4964	./adapter-src/framework/core/jni/oh_callback_handler.cpp
4026	./adapter-src/framework/core/jni/oh_callback_handler.h
14901	./adapter-src/framework/core/jni/skia_codec_register.cpp
2182	./adapter-src/framework/hwui-shim/jni/ashmem_compat.c
2411	./adapter-src/framework/hwui-shim/jni/atrace_compat.c
9688	./adapter-src/framework/hwui-shim/jni/oh_choreographer_shim.c
4893	./adapter-src/framework/hwui-shim/jni/oh_display_shim.c
3550	./adapter-src/framework/hwui-shim/jni/oh_graphicsstats_shim.cpp
6847	./adapter-src/framework/hwui-shim/jni/oh_hardwarebuffer_shim.c
10839	./adapter-src/framework/hwui-shim/jni/oh_minikin_shim.cpp
13431	./adapter-src/framework/hwui-shim/jni/oh_native_window_shim.c
11188	./adapter-src/framework/hwui-shim/jni/oh_skia_ahb_shim.cpp
1707	./adapter-src/framework/hwui-shim/jni/oh_sync_builtins.S
6825	./adapter-src/framework/hwui-shim/jni/oh_typeface_init.cpp
806	./adapter-src/framework/hwui-shim/jni/sync_wait_compat.c
8434	./adapter-src/framework/jni/BUILD.gn
529	./adapter-src/framework/mainline-stubs/java/android/adservices/AdServicesFrameworkInitializer.java
531	./adapter-src/framework/mainline-stubs/java/android/app/appsearch/AppSearchManagerFrameworkInitializer.java
1402	./adapter-src/framework/mainline-stubs/java/android/app/appsearch/AppSearchSchema.java
450	./adapter-src/framework/mainline-stubs/java/android/app/appsearch/GenericDocument.java
526	./adapter-src/framework/mainline-stubs/java/android/app/blob/BlobStoreManagerFrameworkInitializer.java
530	./adapter-src/framework/mainline-stubs/java/android/app/job/JobSchedulerFrameworkInitializer.java
411	./adapter-src/framework/mainline-stubs/java/android/app/role/OnRoleHoldersChangedListener.java
515	./adapter-src/framework/mainline-stubs/java/android/app/role/RoleFrameworkInitializer.java
360	./adapter-src/framework/mainline-stubs/java/android/app/role/RoleManager.java
547	./adapter-src/framework/mainline-stubs/java/android/app/sdksandbox/SdkSandboxManagerFrameworkInitializer.java
431	./adapter-src/framework/mainline-stubs/java/android/app/usage/NetworkStats.java
410	./adapter-src/framework/mainline-stubs/java/android/bluetooth/BluetoothActivityEnergyInfo.java
457	./adapter-src/framework/mainline-stubs/java/android/bluetooth/BluetoothCodecConfig.java
374	./adapter-src/framework/mainline-stubs/java/android/bluetooth/BluetoothDevice.java
758	./adapter-src/framework/mainline-stubs/java/android/bluetooth/BluetoothFrameworkInitializer.java
478	./adapter-src/framework/mainline-stubs/java/android/bluetooth/BluetoothLeAudioCodecConfig.java
433	./adapter-src/framework/mainline-stubs/java/android/bluetooth/le/ScanFilter.java
365	./adapter-src/framework/mainline-stubs/java/android/bluetooth/le/ScanRecord.java
365	./adapter-src/framework/mainline-stubs/java/android/bluetooth/le/ScanResult.java
532	./adapter-src/framework/mainline-stubs/java/android/content/rollback/RollbackManagerFrameworkInitializer.java
529	./adapter-src/framework/mainline-stubs/java/android/devicelock/DeviceLockFrameworkInitializer.java
360	./adapter-src/framework/mainline-stubs/java/android/graphics/ColorMatrix.java
399	./adapter-src/framework/mainline-stubs/java/android/health/connect/HealthConnectManager.java
523	./adapter-src/framework/mainline-stubs/java/android/health/connect/HealthServicesInitializer.java
473	./adapter-src/framework/mainline-stubs/java/android/media/ApplicationMediaCapabilities.java
396	./adapter-src/framework/mainline-stubs/java/android/media/MediaCommunicationManager.java
614	./adapter-src/framework/mainline-stubs/java/android/media/MediaFrameworkInitializer.java
630	./adapter-src/framework/mainline-stubs/java/android/media/MediaFrameworkPlatformInitializer.java
360	./adapter-src/framework/mainline-stubs/java/android/media/Session2Token.java
517	./adapter-src/framework/mainline-stubs/java/android/nearby/NearbyFrameworkInitializer.java
526	./adapter-src/framework/mainline-stubs/java/android/net/ConnectivityFrameworkInitializer.java
542	./adapter-src/framework/mainline-stubs/java/android/net/ConnectivityFrameworkInitializerTiramisu.java
458	./adapter-src/framework/mainline-stubs/java/android/net/ConnectivityManager.java
356	./adapter-src/framework/mainline-stubs/java/android/net/InetAddresses.java
341	./adapter-src/framework/mainline-stubs/java/android/net/IpPrefix.java
359	./adapter-src/framework/mainline-stubs/java/android/net/IpSecAlgorithm.java
350	./adapter-src/framework/mainline-stubs/java/android/net/LinkAddress.java
359	./adapter-src/framework/mainline-stubs/java/android/net/LinkProperties.java
347	./adapter-src/framework/mainline-stubs/java/android/net/MacAddress.java
338	./adapter-src/framework/mainline-stubs/java/android/net/Network.java
374	./adapter-src/framework/mainline-stubs/java/android/net/NetworkCapabilities.java
430	./adapter-src/framework/mainline-stubs/java/android/net/NetworkIdentity.java
430	./adapter-src/framework/mainline-stubs/java/android/net/NetworkInfo.java
427	./adapter-src/framework/mainline-stubs/java/android/net/NetworkRequest.java
417	./adapter-src/framework/mainline-stubs/java/android/net/NetworkStats.java
511	./adapter-src/framework/mainline-stubs/java/android/net/NetworkStatsCollection.java
506	./adapter-src/framework/mainline-stubs/java/android/net/NetworkStatsHistory.java
430	./adapter-src/framework/mainline-stubs/java/android/net/NetworkTemplate.java
359	./adapter-src/framework/mainline-stubs/java/android/net/ParseException.java
832	./adapter-src/framework/mainline-stubs/java/android/net/ProxyInfo.java
377	./adapter-src/framework/mainline-stubs/java/android/net/QosSessionAttributes.java
344	./adapter-src/framework/mainline-stubs/java/android/net/RouteInfo.java
932	./adapter-src/framework/mainline-stubs/java/android/net/TetheringManager.java
823	./adapter-src/framework/mainline-stubs/java/android/net/TrafficStats.java
356	./adapter-src/framework/mainline-stubs/java/android/net/TransportInfo.java
1017	./adapter-src/framework/mainline-stubs/java/android/net/eap/EapSessionConfig.java
450	./adapter-src/framework/mainline-stubs/java/android/net/ipsec/ike/ChildSaProposal.java
415	./adapter-src/framework/mainline-stubs/java/android/net/ipsec/ike/IkeDerAsn1DnIdentification.java
400	./adapter-src/framework/mainline-stubs/java/android/net/ipsec/ike/IkeFqdnIdentification.java
388	./adapter-src/framework/mainline-stubs/java/android/net/ipsec/ike/IkeIdentification.java
412	./adapter-src/framework/mainline-stubs/java/android/net/ipsec/ike/IkeIpv4AddrIdentification.java
412	./adapter-src/framework/mainline-stubs/java/android/net/ipsec/ike/IkeIpv6AddrIdentification.java
403	./adapter-src/framework/mainline-stubs/java/android/net/ipsec/ike/IkeKeyIdIdentification.java
418	./adapter-src/framework/mainline-stubs/java/android/net/ipsec/ike/IkeRfc822AddrIdentification.java
444	./adapter-src/framework/mainline-stubs/java/android/net/ipsec/ike/IkeSaProposal.java
1237	./adapter-src/framework/mainline-stubs/java/android/net/ipsec/ike/IkeSessionParams.java
391	./adapter-src/framework/mainline-stubs/java/android/net/ipsec/ike/IkeTrafficSelector.java
412	./adapter-src/framework/mainline-stubs/java/android/net/ipsec/ike/IkeTunnelConnectionParams.java
367	./adapter-src/framework/mainline-stubs/java/android/net/ipsec/ike/SaProposal.java
1225	./adapter-src/framework/mainline-stubs/java/android/net/ipsec/ike/TunnelModeChildSessionParams.java
401	./adapter-src/framework/mainline-stubs/java/android/net/ipsec/ike/ike3gpp/Ike3gppExtension.java
357	./adapter-src/framework/mainline-stubs/java/android/net/wifi/ScanResult.java
452	./adapter-src/framework/mainline-stubs/java/android/net/wifi/SoftApConfiguration.java
378	./adapter-src/framework/mainline-stubs/java/android/net/wifi/WifiConfiguration.java
515	./adapter-src/framework/mainline-stubs/java/android/net/wifi/WifiFrameworkInitializer.java
351	./adapter-src/framework/mainline-stubs/java/android/net/wifi/WifiInfo.java
360	./adapter-src/framework/mainline-stubs/java/android/net/wifi/WifiManager.java
351	./adapter-src/framework/mainline-stubs/java/android/net/wifi/WifiSsid.java
602	./adapter-src/framework/mainline-stubs/java/android/nfc/NfcFrameworkInitializer.java
568	./adapter-src/framework/mainline-stubs/java/android/ondevicepersonalization/OnDevicePersonalizationFrameworkInitializer.java
608	./adapter-src/framework/mainline-stubs/java/android/os/StatsFrameworkInitializer.java
59327	./adapter-src/framework/mainline-stubs/java/android/provider/DeviceConfig.java
617	./adapter-src/framework/mainline-stubs/java/android/provider/DeviceConfigInitializer.java
929	./adapter-src/framework/mainline-stubs/java/android/provider/MediaStore.java
125495	./adapter-src/framework/mainline-stubs/java/android/provider/WritableFlags.java
535	./adapter-src/framework/mainline-stubs/java/android/safetycenter/SafetyCenterFrameworkInitializer.java
529	./adapter-src/framework/mainline-stubs/java/android/scheduling/SchedulingFrameworkInitializer.java
548	./adapter-src/framework/mainline-stubs/java/android/system/virtualmachine/VirtualizationFrameworkInitializer.java
631	./adapter-src/framework/mainline-stubs/java/android/telephony/TelephonyFrameworkInitializer.java
2199	./adapter-src/framework/mainline-stubs/java/android/util/StatsEvent.java
655	./adapter-src/framework/mainline-stubs/java/android/util/StatsLog.java
508	./adapter-src/framework/mainline-stubs/java/android/uwb/UwbFrameworkInitializer.java
407	./adapter-src/framework/mainline-stubs/java/com/android/i18n/phonenumbers/AsYouTypeFormatter.java
413	./adapter-src/framework/mainline-stubs/java/com/android/i18n/phonenumbers/NumberParseException.java
401	./adapter-src/framework/mainline-stubs/java/com/android/i18n/phonenumbers/PhoneNumberMatch.java
628	./adapter-src/framework/mainline-stubs/java/com/android/i18n/phonenumbers/PhoneNumberUtil.java
562	./adapter-src/framework/mainline-stubs/java/com/android/i18n/phonenumbers/Phonenumber.java
451	./adapter-src/framework/mainline-stubs/java/com/android/i18n/phonenumbers/geocoding/PhoneNumberOfflineGeocoder.java
387	./adapter-src/framework/mainline-stubs/java/com/android/org/conscrypt/CertPinManager.java
405	./adapter-src/framework/mainline-stubs/java/com/android/org/conscrypt/ClientSessionContext.java
399	./adapter-src/framework/mainline-stubs/java/com/android/org/conscrypt/ConscryptCertStore.java
411	./adapter-src/framework/mainline-stubs/java/com/android/org/conscrypt/FileClientSessionCache.java
396	./adapter-src/framework/mainline-stubs/java/com/android/org/conscrypt/OpenSSLSocketImpl.java
408	./adapter-src/framework/mainline-stubs/java/com/android/org/conscrypt/SSLClientSessionCache.java
393	./adapter-src/framework/mainline-stubs/java/com/android/org/conscrypt/TrustManagerImpl.java
414	./adapter-src/framework/mainline-stubs/java/com/android/org/conscrypt/TrustedCertificateIndex.java
489	./adapter-src/framework/mainline-stubs/java/com/android/org/conscrypt/TrustedCertificateStore.java
366	./adapter-src/framework/mainline-stubs/java/com/google/android/rappor/Encoder.java
369	./adapter-src/framework/mainline-stubs/java/org/ccil/cowan/tagsoup/HTMLSchema.java
357	./adapter-src/framework/mainline-stubs/java/org/ccil/cowan/tagsoup/Parser.java
1771	./adapter-src/framework/package-manager/BUILD.gn
12379	./adapter-src/framework/package-manager/java/PackageInfoBuilder.java
54613	./adapter-src/framework/package-manager/java/PackageManagerAdapter.java
6486	./adapter-src/framework/package-manager/java/PermissionMapper.java
9462	./adapter-src/framework/package-manager/jni/apk_bundle_parser.cpp
2518	./adapter-src/framework/package-manager/jni/apk_bundle_parser.h
22432	./adapter-src/framework/package-manager/jni/apk_installer.cpp
4161	./adapter-src/framework/package-manager/jni/apk_installer.h
8122	./adapter-src/framework/package-manager/jni/apk_manifest_jni.cpp
24448	./adapter-src/framework/package-manager/jni/apk_manifest_parser.cpp
5695	./adapter-src/framework/package-manager/jni/apk_manifest_parser.h
12334	./adapter-src/framework/package-manager/jni/apk_signature_verifier.cpp
3190	./adapter-src/framework/package-manager/jni/apk_signature_verifier.h
12457	./adapter-src/framework/package-manager/jni/axml_parser.cpp
5092	./adapter-src/framework/package-manager/jni/axml_parser.h
4896	./adapter-src/framework/package-manager/jni/oh_ability_manager_client.h
11087	./adapter-src/framework/package-manager/jni/oh_adapter_install_apk_c_entry.cpp
14935	./adapter-src/framework/package-manager/jni/oh_bundle_mgr_client.cpp
2591	./adapter-src/framework/package-manager/jni/oh_bundle_mgr_client.h
8750	./adapter-src/framework/package-manager/jni/permission_mapper.cpp
1201	./adapter-src/framework/package-manager/jni/permission_mapper.h
95406	./adapter-src/framework/package-manager/jni/template_entry_hap.h
27371	./adapter-src/framework/surface/jni/android_view_surface_stubs.cpp.deprecated
18107	./adapter-src/framework/surface/jni/oh_canvas_renderer.cpp
6347	./adapter-src/framework/surface/jni/oh_canvas_renderer.h
10913	./adapter-src/framework/surface/jni/oh_egl_surface_adapter.cpp
5013	./adapter-src/framework/surface/jni/oh_egl_surface_adapter.h
13118	./adapter-src/framework/surface/jni/oh_graphic_buffer_producer.cpp
5414	./adapter-src/framework/surface/jni/oh_graphic_buffer_producer.h
12150	./adapter-src/framework/surface/jni/oh_surface_bridge.cpp
4587	./adapter-src/framework/surface/jni/oh_surface_bridge.h
7651	./adapter-src/framework/surface/jni/pixel_format_mapper.h
2690	./adapter-src/framework/surface/jni/rs_surface_helper.cpp
2114	./adapter-src/framework/surface/jni/skia_rtti_shim/BUILD.gn
4141	./adapter-src/framework/surface/jni/skia_rtti_shim/README.md
2949	./adapter-src/framework/surface/jni/skia_rtti_shim/skia_class_list.inc
3718	./adapter-src/framework/surface/jni/skia_rtti_shim/skia_rtti_shim.cpp
794	./adapter-src/framework/surface/jni/skia_rtti_shim/skia_rtti_shim.ver
2916	./adapter-src/framework/surface/jni/surface_oh_helper.cpp
18729	./adapter-src/framework/window/java/DisplayManagerAdapter.java
22234	./adapter-src/framework/window/java/IWindowManagerBridge.java
12105	./adapter-src/framework/window/java/IWindowSessionBridge.java
5336	./adapter-src/framework/window/java/InputEventBridge.java
29070	./adapter-src/framework/window/java/InputManagerAdapter.java
11121	./adapter-src/framework/window/java/InputMethodManagerAdapter.java
24903	./adapter-src/framework/window/java/SessionStageBridge.java
21974	./adapter-src/framework/window/java/WindowCallbackBridge.java
53078	./adapter-src/framework/window/java/WindowManagerAdapter.java
12404	./adapter-src/framework/window/java/WindowManagerAgentBridge.java
52017	./adapter-src/framework/window/java/WindowSessionAdapter.java
10232	./adapter-src/framework/window/jni/display_manager_adapter_jni.cpp
30811	./adapter-src/framework/window/jni/oh_anativewindow_shim.cpp
3334	./adapter-src/framework/window/jni/oh_anativewindow_shim.h
10966	./adapter-src/framework/window/jni/oh_input_bridge.cpp
3507	./adapter-src/framework/window/jni/oh_input_bridge.h
24300	./adapter-src/framework/window/jni/oh_input_manager_bridge.cpp
4554	./adapter-src/framework/window/jni/oh_input_manager_bridge.h
36155	./adapter-src/framework/window/jni/oh_window_manager_client.cpp
9539	./adapter-src/framework/window/jni/oh_window_manager_client.h
26443	./adapter-src/framework/window/jni/session_stage_adapter.cpp
13689	./adapter-src/framework/window/jni/session_stage_adapter.h
17855	./adapter-src/framework/window/jni/window_callback_adapter.cpp
8276	./adapter-src/framework/window/jni/window_callback_adapter.h
8304	./adapter-src/framework/window/jni/window_event_channel_adapter.cpp
4786	./adapter-src/framework/window/jni/window_event_channel_adapter.h
10101	./adapter-src/framework/window/jni/window_manager_agent_adapter.cpp
5410	./adapter-src/framework/window/jni/window_manager_agent_adapter.h
55950	./app/HelloWorld.apk
51488	./app/helloworld_resources.hap
945	./app/src/AndroidManifest.xml
5390	./app/src/BUILD_INSTRUCTIONS.md
1108	./app/src/java/com/example/helloworld/HelloService.java
872	./app/src/java/com/example/helloworld/HelloWorldApplication.java
8229	./app/src/java/com/example/helloworld/MainActivity.java
1467	./app/src/java/com/example/helloworld/SecondActivity.java
2175	./app/src/res/layout/activity_main.xml
245760	./bcp/boot-adapter-mainline-stubs.art
43180	./bcp/boot-adapter-mainline-stubs.oat
174500	./bcp/boot-adapter-mainline-stubs.vdex
1327104	./bcp/boot-apache-xml.art
1375596	./bcp/boot-apache-xml.oat
18388	./bcp/boot-apache-xml.vdex
827392	./bcp/boot-bouncycastle.art
2204124	./bcp/boot-bouncycastle.oat
32980	./bcp/boot-bouncycastle.vdex
1425408	./bcp/boot-core-icu4j.art
3880540	./bcp/boot-core-icu4j.oat
2403760	./bcp/boot-core-icu4j.vdex
339968	./bcp/boot-core-libart.art
660328	./bcp/boot-core-libart.oat
8404	./bcp/boot-core-libart.vdex
23781376	./bcp/boot-framework.art
51271200	./bcp/boot-framework.oat
37029828	./bcp/boot-framework.vdex
147456	./bcp/boot-oh-adapter-framework.art
456320	./bcp/boot-oh-adapter-framework.oat
243760	./bcp/boot-oh-adapter-framework.vdex
225280	./bcp/boot-okhttp.art
639504	./bcp/boot-okhttp.oat
5168	./bcp/boot-okhttp.vdex
3436544	./bcp/boot.art
8939492	./bcp/boot.oat
77400	./bcp/boot.vdex
110256	./bin/appspawn-x
30473	./docs/CLAUDE.md
6251	./docs/readme.txt
2989	./etc/appspawn_x.cfg
6666	./etc/appspawn_x_sandbox.json
1475	./etc/file_contexts
4235	./etc/fonts.xml
33589824	./etc/icudt72l.dat
3293	./etc/ld-musl-namespace-arm.ini
258588	./jars/adapter-classes.dex
49407	./jars/adapter-mainline-stubs.jar
1199041	./jars/apache-xml.jar
1473697	./jars/bouncycastle.jar
1195762	./jars/core-icu4j.jar
564550	./jars/core-libart.jar
5536847	./jars/core-oj.jar
39457968	./jars/framework-classes.dex.jar
34449293	./jars/framework-res-package.jar
34449293	./jars/framework-res.apk
40087842	./jars/framework.jar
103253	./jars/oh-adapter-framework.jar
21532	./jars/oh-adapter-runtime.jar
401190	./jars/okhttp.jar
4627104	./lib/libabilityms.z.so
895228	./lib/libandroid_runtime.so
591116	./lib/libandroidfw.so
12804	./lib/libandroidio.so
370932	./lib/libapk_installer.so
1777992	./lib/libappms.z.so
42480	./lib/libappspawn_client.z.so
3641376	./lib/libart-compiler.so
11765908	./lib/libart.so
99436	./lib/libart_runtime_stubs.so
367044	./lib/libartbase.so
19140	./lib/libartpalette-system.so
18684	./lib/libartpalette.so
133100	./lib/libbase.so
18496	./lib/libbionic_compat.so
5070672	./lib/libbms.z.so
1491428	./lib/libcrypto.so
36284	./lib/libcutils.so
303428	./lib/libdexfile.so
31408	./lib/libelffile.so
194548	./lib/libexpat.so
535012	./lib/libft2.so
1132720	./lib/libharfbuzz_ng.so
2260012	./lib/libhwui.so
132392	./lib/libicu_jni.so
3116820	./lib/libicui18n.so
1842124	./lib/libicuuc.so
373208	./lib/libjavacore.so
89612	./lib/liblog.so
161524	./lib/liblz4.so
256000	./lib/libminikin.so
21840	./lib/libnativebridge.so
29828	./lib/libnativehelper.so
201312	./lib/libnativeloader.so
1569240	./lib/liboh_adapter_bridge.so
294384	./lib/liboh_android_runtime.so
174496	./lib/liboh_hwui_shim.so
12632	./lib/liboh_skia_rtti_shim.so
274352	./lib/libopenjdk.so
61932	./lib/libopenjdkjvm.so
217544	./lib/libprofile.so
5439256	./lib/librender_service.z.so
8112900	./lib/librender_service_base.z.so
2095244	./lib/libscene_session.z.so
2112236	./lib/libscene_session_manager.z.so
20188	./lib/libsigchain.so
23300376	./lib/libskia_canvaskit.z.so
415636	./lib/libsurface.z.so
110720	./lib/libtinyxml2.so
701464	./lib/libunwindstack.so
177632	./lib/libutils.so
1490256	./lib/libvixl.so
1072868	./lib/libwms.z.so
120772	./lib/libziparchive.so
1550	./patches/aosp_patches/README_AOSP_PATCHES.txt
646	./patches/aosp_patches/art/runtime/gc/collector/mark_compact.cc.patch
4235	./patches/aosp_patches/data/fonts/fonts.xml
725	./patches/aosp_patches/external/icu/android_icu4j/Android.bp.patch
15220	./patches/aosp_patches/frameworks/base/core/jni/AndroidRuntime.cpp.patch
825	./patches/aosp_patches/frameworks/base/core/jni/android_util_Process.cpp.patch
702	./patches/aosp_patches/frameworks/base/libs/androidfw/Asset.cpp.patch
420	./patches/aosp_patches/frameworks/base/libs/androidfw/AssetManager2.cpp.patch
261	./patches/aosp_patches/frameworks/base/libs/androidfw/include/androidfw/AssetManager2.h.patch
580	./patches/aosp_patches/frameworks/base/libs/hwui/jni/graphics_jni_helpers.h.patch
1956	./patches/aosp_patches/frameworks/core/java/android/app/ActivityManager.java.patch
1945	./patches/aosp_patches/frameworks/core/java/android/app/ActivityTaskManager.java.patch
1740	./patches/aosp_patches/frameworks/core/java/android/app/ActivityThread.java.patch
5475	./patches/aosp_patches/frameworks/core/java/android/view/WindowManagerGlobal.java.patch
6565	./patches/aosp_patches/libs/hwui/apply_G214au_r4_probes.py
12382	./patches/aosp_patches/libs/hwui/apply_G214ay_skia_probe.py
7785	./patches/aosp_patches/libs/hwui/apply_G214be_displaylist_probe.py
3633	./patches/aosp_patches/libs/hwui/apply_G214bg_options_explicit_set.py
3153	./patches/aosp_patches/libs/hwui/apply_G214bh_align_rs_options.py
2365	./patches/aosp_patches/libs/hwui/apply_G214bi_remove_red_clear.py
3157	./patches/aosp_patches/libs/hwui/apply_hwui_nio_utils_unstub.py
11549	./patches/aosp_patches/libs/hwui/apply_hwui_vulkan_manager_stub.py
43192	./patches/aosp_patches/libs/hwui/hwui_oh_abi_patch.cpp
3071	./patches/aosp_patches/libs/hwui/hwui_register_stubs.cpp
70548	./patches/aosp_patches/libs/hwui/hwui_rk3568.patch
3756	./patches/aosp_patches/libs/hwui/oh_native_window_compat.h
5918	./patches/aosp_patches/libs/hwui/renderthread/ReliableSurface.cpp
5371	./patches/aosp_patches/libs/hwui/skia_m133_compat.h
14221	./patches/aosp_patches/libs/hwui/typeface_minimal_stub.cpp
6219	./patches/aosp_patches/replacement_headers/meminfo/meminfo.h
2866	./patches/aosp_patches/replacement_headers/meminfo/procmeminfo.h
4687	./patches/aosp_patches/replacement_headers/meminfo/sysmeminfo.h
772	./patches/aosp_patches/replacement_headers/sys/pidfd.h
14947	./patches/ohos_patches/README_BACKUPS.html
1855	./patches/ohos_patches/README_BUILD_GN_ARGS.txt
1934	./patches/ohos_patches/README_BUNDLE_MGR_PATCHES.txt
1285	./patches/ohos_patches/README_OHOS_PATCHES.txt
7056	./patches/ohos_patches/appspawn/apply_appspawnx_routing.py
9710	./patches/ohos_patches/appspawn/apply_appspawnx_sepolicy_and_namespace.py
1475	./patches/ohos_patches/base/security/selinux_adapter/sepolicy/ohos_policy/startup/appspawn/system/file_contexts
25730	./patches/ohos_patches/base/startup/appspawn/interfaces/innerkits/client/appspawn_client.c
2875	./patches/ohos_patches/base/startup/appspawn/interfaces/innerkits/client/appspawn_client.h
13576	./patches/ohos_patches/base/startup/appspawn/interfaces/innerkits/include/appspawn.h
4078	./patches/ohos_patches/base/startup/appspawn/modules/module_engine/include/appspawn_msg.h
7733	./patches/ohos_patches/base/startup/init/services/init/include/init_service.h
1060	./patches/ohos_patches/build/config/components/ets_frontend/ets2abc_config.gni.collision_fix.patch
415	./patches/ohos_patches/build/foundation/arkui/ui_lite/ext/updater/BUILD.gn.patch
1348	./patches/ohos_patches/build/ohos/app/app_internal.gni.patch
1983	./patches/ohos_patches/bundle_framework/common/apply_BUILD_gn.py
3226	./patches/ohos_patches/bundle_framework/common/apply_bundle_file_util.py
539	./patches/ohos_patches/bundle_framework/interfaces/inner_api/appexecfwk_base/include/application_info.h.patch
695	./patches/ohos_patches/bundle_framework/interfaces/inner_api/appexecfwk_core/src/bundlemgr/bundle_mgr_host.cpp.patch
1802	./patches/ohos_patches/bundle_framework/services/bundlemgr/BUILD.gn.patch
5841	./patches/ohos_patches/bundle_framework/services/bundlemgr/apply_BUILD_gn.py
5793	./patches/ohos_patches/bundle_framework/services/bundlemgr/apply_bms_apk_dispatch_installapp.py
7146	./patches/ohos_patches/bundle_framework/services/bundlemgr/apply_bms_apk_dispatch_processinstall.py
4875	./patches/ohos_patches/bundle_framework/services/bundlemgr/apply_bms_apk_dispatch_vector.py
7126	./patches/ohos_patches/bundle_framework/services/bundlemgr/apply_bms_apk_gates.py
40228	./patches/ohos_patches/bundle_framework/services/bundlemgr/apply_bms_apk_register_with_manifest.py
4524	./patches/ohos_patches/bundle_framework/services/bundlemgr/apply_bms_iconpath_fallback.py
7358	./patches/ohos_patches/bundle_framework/services/bundlemgr/apply_installd_apk_resources_hap.py
16874	./patches/ohos_patches/bundle_framework/services/bundlemgr/apply_installd_write_file_bytes.py
2418	./patches/ohos_patches/bundle_framework/services/bundlemgr/src/README_CANONICAL_SOURCES.txt
10043	./patches/ohos_patches/bundle_framework/services/bundlemgr/src/adapter_apk_install_minimal.cpp
2704	./patches/ohos_patches/bundle_framework/services/bundlemgr/src/bundle_installer.cpp.patch
8952	./patches/ohos_patches/foundation/ability/ability_runtime/services/abilitymgr/include/mission/mission.h
7935	./patches/ohos_patches/foundation/ability/ability_runtime/services/abilitymgr/src/mission/mission.cpp
9221	./patches/ohos_patches/foundation/ability/ability_runtime/services/abilitymgr/src/mission/mission_list_manager_patch.cpp
28818	./patches/ohos_patches/foundation/ability/ability_runtime/services/appmgr/src/app_spawn_client.cpp
1802	./patches/ohos_patches/foundation/bundlemanager/bundle_framework/common/BUILD.gn
9702	./patches/ohos_patches/foundation/bundlemanager/bundle_framework/common/utils/src/bundle_file_util.cpp
17454	./patches/ohos_patches/foundation/bundlemanager/bundle_framework/services/bundlemgr/BUILD.gn
19400	./patches/ohos_patches/foundation/bundlemanager/bundle_framework/services/bundlemgr/include/installd/installd_operator.h
1553	./patches/ohos_patches/foundation/bundlemanager/bundle_framework/services/bundlemgr/include/ipc/extract_param.h
425981	./patches/ohos_patches/foundation/bundlemanager/bundle_framework/services/bundlemgr/src/base_bundle_installer.cpp
593746	./patches/ohos_patches/foundation/bundlemanager/bundle_framework/services/bundlemgr/src/bundle_data_mgr.cpp
17584	./patches/ohos_patches/foundation/bundlemanager/bundle_framework/services/bundlemgr/src/bundle_installer.cpp
26911	./patches/ohos_patches/foundation/bundlemanager/bundle_framework/services/bundlemgr/src/bundle_stream_installer_host_impl.cpp
58269	./patches/ohos_patches/foundation/bundlemanager/bundle_framework/services/bundlemgr/src/bundle_util.cpp
131128	./patches/ohos_patches/foundation/bundlemanager/bundle_framework/services/bundlemgr/src/installd/installd_operator.cpp
7716	./patches/ohos_patches/graphic_2d/apply_G214au_r5_oh_rs_probes.py
2490	./patches/ohos_patches/graphic_2d/rosen/modules/render_service_base/src/feature/buffer_reclaim/rs_buffer_reclaim.cpp.patch
2455	./patches/ohos_patches/graphic_2d/rosen/modules/render_service_base/src/transaction/rs_transaction_data.cpp.patch
1544	./patches/ohos_patches/graphic_surface/surface/src/buffer_queue.cpp.patch
2533	./patches/ohos_patches/init/apply_init_max_env_value.py
99428	./patches/ohos_patches/patch_diff_report.html
1080	./patches/ohos_patches/selinux_adapter/file_contexts.patch
659	./patches/ohos_patches/third_party/icu/icu4c/source/i18n/decimfmt.cpp.patch
539	./patches/ohos_patches/third_party/icu/icu4c/source/i18n/number_decimalquantity.cpp.patch
3293	./patches/ohos_patches/third_party/musl/config/ld-musl-namespace-arm.ini
2884	./patches/ohos_patches/third_party/musl/scripts/create_syscall.sh
623	./patches/ohos_patches/third_party/musl/src/internal/ADLTSection.h.patch
3081	./patches/ohos_patches/third_party/skia/m133/apply_oh_sk_force_failflush_false_v4d.py
8288	./patches/ohos_patches/third_party/skia/m133/apply_oh_sk_gate_probe_v4.py
4855	./patches/ohos_patches/third_party/skia/m133/apply_oh_sk_gate_probe_v4b.py
8887	./patches/ohos_patches/third_party/skia/m133/apply_oh_sk_preflush_probe_v4c.py
8318	./patches/ohos_patches/third_party/skia/m133/apply_oh_sk_replay_probe.py
14954	./patches/ohos_patches/third_party/skia/m133/apply_oh_sk_replay_probe_v2.py
12379	./patches/ohos_patches/third_party/skia/m133/apply_oh_sk_replay_probe_v3.py
3704	./patches/ohos_patches/third_party/skia/m133/apply_oh_sk_revert_v4d.py
711	./patches/ohos_patches/third_party/skia/m133/third_party/externals/icu/source/i18n/decimfmt.cpp.patch
591	./patches/ohos_patches/third_party/skia/m133/third_party/externals/icu/source/i18n/number_decimalquantity.cpp.patch
1737	./patches/ohos_patches/vendor/hihope/rk3568/apply_config.py
10104	./patches/ohos_patches/vendor/hihope/rk3568/config.json
12492	./scripts/DEPLOY_SOP.md
10476	./scripts/README.md
13729	./scripts/apply_aosp_java_patches.py
7056	./scripts/apply_appspawnx_routing.py
8149	./scripts/apply_appspawnx_sepolicy_and_namespace.py
7658	./scripts/apply_oh_patches.sh
1757	./scripts/collect_oh_artifacts.sh
19208	./scripts/deploy_cmd.txt
38398	./scripts/deploy_stage.sh
46936	./scripts/deploy_to_dayu200.sh
11865	./scripts/gen_boot_image.sh
55642	./scripts/restore_after_sync.sh
2883	./scripts/revert_oh_patches.sh
